1.3942650393194436,1.8347149471587885,4.7558705048784775,0.5763798079487008,4.211222337153335,1.1896907347923844,3.941473402980142,4.516049733705256,0.5244925030898966,6.677467512752718
8.278002267880167,12.163848212906512,14.89660695010168,7.980353132003444,12.034381665573862,14.332256820222076,12.74065193222747,14.656440219544958,8.795594701555682,51.15298830341219
6.236572251783773,6.16360592807687,9.82570933891848,3.2209636153979564,9.631028329501694,7.4629801140012315,10.231052843160953,11.415890475325703,4.532987490928291,35.43764759452691
3.5185329068764513,3.7673442184092076,11.95558634423663,4.335835351235098,8.404374002186247,7.738855600224756,5.017201811851524,10.701610228712806,1.670649401293639,32.84650448339578
3.038898326593581,2.8334831098758464,7.153260176594274,2.2202936173403134,7.2761546102731085,2.8159390077801283,4.392059596801118,10.045923797548292,0.7607012302708027,29.158576367159828
0.9039958836116764,0.5567468445178385,3.3010837774876602,0.8567354717525574,3.0912849825869344,1.2361596916429507,6.503843319892363,2.9873280307018475,0.932578364098666,3.2657077642165904
4.104377835569652,2.571969104580593,6.544385408243194,3.2713675291804116,6.0904656511625435,4.9853254380509,6.309731624135161,9.064144623381308,1.4416998177232523,13.666009418725542
2.108213612013983,2.2638044190262177,4.207036305067415,2.7930045322005825,4.377677600337797,2.1641492237933533,3.4856515580665164,7.3698205934439995,1.6686276320682174,39.80138280617914
10.011897598932958,19.60801118459336,28.51684015815927,12.354462026977563,15.994854965174813,14.893276124393518,18.008456761378234,17.903778386412437,6.46160855862426,48.39553919931443
12.033628772242993,16.426440519262897,23.92063588332845,15.133815500609186,17.992816945046446,17.591635486965984,24.857728557416557,20.272323118250714,12.588156805419034,45.78682943622037
10.357000995591795,6.75285291200118,15.974675152588029,12.075384933835954,14.962313087883613,15.21282047027857,11.601263131516038,12.55929990121322,9.051303993340268,41.92702929995741
2.4365002501058823,1.6515887915326521,4.232493875638584,1.8464575345091725,5.2509327758267315,1.8830220129122175,5.552530023194826,3.7693714878157114,1.4003039965631665,6.008842765231802
4.595142587365857,6.120900754546601,7.025648277795276,4.453486314011964,7.923293128705509,7.542741828679481,8.481317727105832,7.50273481546798,4.4195192090469,17.436276502972134
1.794162297702754,1.0060109806390718,3.8771418697680704,0.6530098650372957,2.900686645337896,3.094233309175867,3.093475292345608,4.233342582459418,0.6678278199105199,9.526539638760486
1.776234320059023,1.3227511719886689,3.8125868000523164,2.4088502659983213,5.829073814654278,4.191981718184501,4.986324262062311,5.936923475722147,1.7112358904455378,5.766859757779323
1.19247388582569,1.00887364046725,4.33959502420357,2.186503541558933,2.951661715653039,2.2412214525171565,4.753109995336717,4.396715533110572,0.7987334121934373,2.0801198801611016
1.190436894214019,1.0126314994991856,3.021936316881929,1.1113007433875612,2.9325946666397606,2.3692718572289295,3.5807291467615605,4.182950027212721,0.8770295020322976,5.462175450610413
1.2425655954422845,1.3475160355630251,3.8751690117298794,0.9238658513178363,2.798406548419588,0.569378645868239,2.0927154928323795,2.709736718592768,0.4266651971183087,2.4936682303288653
12.445515031558116,8.422623739928564,18.566862779992878,9.101639781274555,12.094323676775751,13.455036929698462,13.634208594275009,15.699488834470758,3.6064379789103596,33.477515256137416
5.207104893250267,4.501133257481339,7.95285139729979,5.479686778044214,8.391625837337502,5.711704405925271,6.861351687720644,12.774623576487874,3.2449031386119085,45.13971146601506
2.068945855641039,1.2502037672934956,4.98923490883187,1.0186711178045391,4.669917807076435,2.9383608178261893,3.3204386341009897,4.596551391653855,0.7542708556758225,4.861572921954646
6.052990719653042,7.965646132403899,12.630418981276783,7.084797871116172,13.018518762537118,5.709683324427282,9.737239685020143,12.958238288917837,4.360325916295356,37.38214530554395
0.9068422556164611,0.7563598292525315,2.9299393867654464,1.226593942652563,2.8850503909530594,1.2361509666377841,5.361770169530434,3.0738242786193406,0.3675651046767963,9.396371683168939
1.5235253680630014,1.7039733135357955,4.5059656414716285,1.397378376788967,5.165953959519714,2.0366048591479515,4.0385049049339985,5.440641396010184,0.5077374901031335,4.685634957836192
17.56917309114164,16.867601869198463,37.48654055372686,21.43981747165417,29.53006433268057,33.19904608607513,43.238106074896365,35.14417383854768,24.99756661508382,61.196151114719484
1.0571005144883336,0.626162587426766,2.4676611053744786,0.5857131807876774,3.0521172153655187,0.8432058039672667,1.8234013938206426,3.195044265220913,0.29978154447188754,4.070968983721059
1.14944788216438,0.9782602986389377,5.077267064185248,1.5238308633807618,3.3264968496429157,2.4424194620113475,4.329639689787992,5.098450640376139,0.8476786911479225,3.0134723175752742
4.173849220257598,3.5542849905165386,7.899066688287963,2.2184849653442247,5.803404016286074,5.544341743823042,6.359861355113805,7.599432703348848,1.4140381819693562,12.70265310121996
7.973887532993754,12.34041980474425,12.862287976675635,5.849500581850482,18.178963138583285,13.520813540044426,20.73592913451624,18.86003525831954,6.9786759451642375,48.00383245491675
5.967064737370161,5.840176899271488,13.287497727866123,5.915028886321002,8.510061940124778,8.913377438718245,8.898471784017804,15.085868895181148,2.218919013729399,33.74644120710247
9.591467980124802,15.314123735651394,16.45403925084674,5.887782359467627,15.197309716688272,12.869333609732125,18.280512394248777,19.830129693925592,7.733958115534432,29.806361370097868
0.7527674938452803,0.2301550939014795,1.829310591598081,0.9862468916449452,2.2728060788376987,1.0362814501328894,1.9637616924659251,1.3171589879924177,0.7248061377672608,1.5588534698017682
19.950207290114005,26.745419015568107,37.499396371525165,22.812398402113903,30.107568702263524,29.42366211311143,40.86122339451228,34.86353596586294,22.835438209453454,79.95153084113016
9.745451895299087,13.85788253984043,16.160793579474042,14.755661683813933,14.256368065785034,16.10653784302524,18.61624466022336,22.852575248659345,14.217190365395282,24.408696877598313
6.635591057570826,3.0598354156916834,8.221070516916335,4.91509421059182,8.19431938654227,8.726303845870657,11.442471887621531,12.71461697237466,2.868998030250739,17.947845752397566
7.28661663824175,5.693128949196836,10.23233219868864,7.050162929289571,12.341464650853846,6.18000841003389,10.492946308267664,13.034087313260263,4.725285147561396,41.15247302214582
24.050380878199853,28.894349657785185,37.89944497759819,33.5621722707988,32.983677200784065,42.60984101299588,27.006812086399048,44.902570446400745,32.95513314879805,99.3447618620006
4.016866312687717,1.5229723957165358,5.00036248169878,2.33370609092975,5.0194898030360635,2.5093906017123007,3.9075248094685247,6.906337351742825,1.1678612272334017,7.38103103404625
2.536037929532557,2.081956740842541,6.43239339963703,1.6878978613704403,5.475832420982085,2.7679134092519067,4.349594725319147,7.0248577229399105,1.1773422896115857,6.600845000321441
6.201661687310601,9.848435624040526,12.685760694117853,5.677834078159014,14.714120018462637,10.440432431969041,10.969328691200676,12.839167519765727,6.549813769257856,64.65762808156286
26.216154193073226,18.135675666105826,39.810494500432476,31.886740802095666,26.576808424191736,33.991897988008915,28.018149826042166,33.97184001039132,30.797407116431646,110.2812947205244
2.024547342253366,1.8288370497414888,4.996062137373218,1.9401505597450905,5.729419769633479,2.5561746984418354,3.7535747727562607,4.8773413852058605,0.8663538852539392,5.80688966917602
22.56249430049795,17.463109021781015,38.91094129160058,29.048102802459987,30.203806687623604,66.85135654581308,31.155635185481152,33.380662290075165,26.952057412487637,116.23353678415407
10.365901117298824,13.642157387008218,21.37762087050032,11.91809198942488,16.700583527459795,11.31893778655193,17.997481142445242,19.317243859561355,11.100908838810613,43.486931540301796
5.181955423783578,4.590545341150406,9.710953896071787,2.1735109643798323,6.677995881662452,5.135490386320175,7.389364560901848,8.955827466433957,2.5834584119626416,20.9735198754878
3.0942074298247455,1.56176875599414,4.296078768286285,2.1696899205246316,4.543939377178112,3.256626241605724,6.017568066398603,6.6791297067893,1.2651285551179139,4.058958892457229
11.752666733072374,15.251314723339412,21.90785084060474,11.916649187010838,17.73738148798968,15.157601120111362,19.13735173576726,18.983836101830466,11.109412908271427,75.07191171175126
1.7669467638476826,0.46050534288310824,3.957498235182794,1.050519969924649,4.128055349578708,1.3769002746837506,3.0415562524506643,3.9204057723784413,0.6277406735438668,2.8059178381775984
1.5239067493159697,1.1483402831928797,4.536492056032961,2.8585790416619337,4.83786856804146,2.420030978689075,4.821582380086987,6.416245873139826,0.8159749527762974,6.723178705285011
1.9757047995661787,1.2292833311914706,5.5678051261468715,1.2418825932974695,5.1379574900274765,3.2710660704171626,4.483070616776206,5.41842206131989,1.449430015462229,5.731716104619784
0.9953026061155253,0.15221897576311494,2.323781134016945,0.869084907409448,2.1321141732801423,1.1062001094367897,2.6104216176709314,3.4882390748916605,0.36458797320797615,1.3758400943095008
4.109655557431478,3.861279580742557,8.67576227933333,6.736885726914364,8.960593553579207,6.725038452231406,8.060128863559472,8.872504622081696,2.6569664939654913,27.579478613303937
7.499601359893019,10.443537318339162,13.211646257058772,6.848197045945971,12.057505893750216,7.8565462253621545,13.149445668326795,12.91114672370292,7.77930951159019,31.94133981264105
1.029910384440829,1.0848392040591048,2.712996499087905,1.8168965093726577,4.618216531921896,1.9859381105975642,8.236639622228525,3.1256716034506145,1.1112986544630736,4.5703545373409
3.429489568084785,2.3421997822624916,5.77893501105711,1.6409357506776021,6.795422133354768,4.590064608148352,5.485241455858228,6.904495293604728,2.3029921726765927,10.749625604198544
6.483655060558016,6.1846804912196545,10.658512830103719,6.069968809347364,10.471683079060947,7.800866411719971,14.89910250170434,9.883152578109053,7.132948101032672,33.124881940561636
3.1516961604053866,4.356832318140904,5.881045524205356,3.9837297965268927,7.7619135805068415,5.0826038081448095,7.3319570993406105,7.590379222520977,5.098854957047468,23.966849525033677
6.064793710047907,2.1116782888498413,8.499458710196174,3.7862922695259495,7.0012112677440745,8.298124949873278,6.3486178382050955,11.550430070455565,2.044736531312943,14.303158378704763
1.4203108457132112,1.2094698936529422,3.3158250409172174,1.0384094290933312,3.221766042080887,1.6767137222296948,4.973222109362716,3.884725445963707,0.527693560519422,9.850044643156613
5.812344993856345,5.219217117432292,10.939980109516844,8.37206490196336,9.509663489472885,9.693496857451013,6.221340490910701,8.293205914074724,7.666162133497048,49.61589836304063
2.1335371103428624,2.5568619230071405,3.7693982381840523,2.190459973177597,4.137901900308091,1.6278471746672252,3.7371385321154684,5.959366827033263,0.7075581391339493,3.594243012069974
2.7838778968941287,1.5943931750533924,5.172709492814654,3.22602537341215,4.155832551828995,4.321764721065292,4.8100814032045385,5.079890868183966,1.809318272200636,6.231569058850173
3.1457035624300658,3.2129760849296036,7.070051263749438,2.6329375672188915,5.966653439669555,5.286751663944658,7.886239208312303,6.690738962094291,0.7690566421046428,40.29838661857148
2.310110939587727,1.6087152464114631,4.136423674494289,1.7887498670008457,4.690510786432702,1.97826681200227,4.304083227052592,5.276422905043388,1.1056699162592294,2.6485716108483923
3.7817530632776504,2.769059411794341,7.849248958085075,6.134510044568633,5.844497673608019,5.2584259500919694,9.355377729707602,7.474628385213714,1.88833177131307,10.639785480418958
2.583214911085814,1.0289681064448264,3.607735295403775,1.1495152292842454,5.388482953071207,2.9344473844951082,5.314624667064625,4.6123621333362586,0.8705556312523008,7.111502077355006
8.212756835900537,10.788042921653892,14.42096199865303,9.01128310408918,21.85616222771793,12.263720117787274,10.47000172498406,18.44629330448577,9.696808553861874,47.758416013741524
4.825281161293549,6.810900099064377,8.412005657942133,3.6514733417233827,10.909066722511088,6.450714752607512,8.828420184263967,11.011422844732603,4.802368782871146,24.76263475595612
4.423310613771413,1.8488145274336172,6.71561957840518,2.3830019212922964,6.592090737911981,4.291112289476362,7.840610900926544,6.134514380430412,2.2711759633682123,15.828104849943882
0.8543420697073438,0.6102438862863561,2.702148936643249,0.3579783261332224,2.862196092868254,1.1564715047296077,4.258741048509094,5.67135691412849,0.8006878787735405,1.7872587743954433
3.2282713861500794,3.7549871167083246,7.3555962819667196,2.830293896540811,6.404535247949799,4.913435301367849,8.971436229897506,6.343619002366404,1.6899523357459707,8.873803055467038
14.840618378408804,15.608492633898889,23.95696542791635,14.833226361129997,23.04926397864615,26.2386340187015,21.887382870288835,19.46745889212288,17.969282930727875,60.88480669495168
5.708295118248484,5.48070248623453,9.43758096991703,3.1335659597994434,10.914527969349257,7.111422791158577,6.964452551870065,12.956724616654002,5.016887608766059,72.45643341057058
3.4747801990122187,3.01970210780688,6.018382564716529,2.3242387422771955,6.614939706861238,5.0779163289296685,6.2004499753931945,6.8817941062910215,2.121605776519892,21.754391594973594
4.4332888096521295,4.184960275547444,8.938349854682539,10.490428106714582,7.695551877452122,8.87559807178475,9.642497844946979,8.156888971517425,7.378444550225991,20.442900710896257
31.935828089757266,56.0497100346423,59.76403722424002,37.40979604311454,44.044613173434456,55.530237628051474,66.6447896943845,42.33750234018298,53.01813232920504,112.9639410279803
10.318186229849962,12.058222913094871,15.393196017092679,12.266570173862943,14.061199313119698,19.04665838999086,13.816585630204708,17.814029170653626,12.549153523579172,58.523171955321146
4.880593251207683,6.010814632886179,6.636840166967662,4.7083404972308935,8.490813072319229,6.894937036657756,7.310922167670377,9.480594447085641,2.364616421368305,46.72946121541756
1.9165557813101868,1.3154552519333451,3.003557780769768,1.6961433125371252,4.954941777021016,3.488867535471935,4.109859496216157,3.6040066249659706,0.7487879629713616,10.21827329402327
4.819581470309235,4.201746841784176,12.525219255382797,9.286718674787652,9.64421886799398,7.42165865776279,8.181327087329809,12.022281763900997,3.9347456351762475,14.544562593384345
5.173308559051272,4.669373984932115,9.988699919782723,5.811798068031291,11.957416921963361,6.099211632651975,8.343650194877702,16.320403487542393,2.910693293471414,16.24336910348463
1.0745718527934514,0.4921600407100453,2.5823369376538006,1.1716863130638657,3.6621896946614214,1.1500034132742039,2.283202071230601,3.371147919816095,0.27829031659021086,2.9871718276149823
7.781759053744207,9.600726548091329,12.406114071223579,4.49975305392816,11.450705560894999,9.12544282081594,11.311741034534933,11.70426359158231,7.406558826094585,21.512269873401713
5.515721714940988,7.906729291808427,11.904029046155445,8.650781186455742,12.24222110083286,10.834234348314736,11.974315079946717,18.756659163104874,10.749878418008974,20.167577787967513
4.89278303095293,4.6129565325762885,8.792532531186083,2.965402817576778,9.117616816406228,8.133197535231133,11.54932965472903,9.354109400616222,4.021518563208111,21.453839980670075
2.5174940688585457,2.5649879261282775,4.4651826760581566,1.822776673533061,4.420070884453762,3.8861068024380514,5.607563668359517,6.1893073525249855,1.6456131268974086,8.048261418963142
6.335391088675264,4.954444457241115,11.963206485466245,5.9054792086244206,12.177287923982227,10.414947511205588,11.896939975312778,16.915893061755472,6.432246902010302,25.577787245147693
1.5510919460774126,0.8248167052387614,3.8237881549745705,0.7926410555079916,4.524889690671817,2.1993514986156812,5.712444340903329,3.583768353183167,0.5110215414077326,6.405401203919614
14.277083018798672,19.291912186610816,22.187027512142134,14.100967271434614,21.662237919352602,31.503805331341844,30.993981214838232,23.145997523365597,16.2007475562716,79.15840273480644
1.9854706193515053,1.8896945901133637,5.811478856269528,2.280047825311591,5.89532589526397,3.5387325237950216,4.134537138812106,7.363451834982592,0.9103575298346752,8.38479969221346
6.8589958890810045,6.688350228415049,11.637156436066919,3.4685692109177935,8.807667880546262,5.356821777172771,5.581900321381518,8.391377344837899,3.713590077856071,16.63657664978709
2.0402677000621763,2.8820047182278694,4.048824410236239,1.9555882665512436,4.145664356570802,3.158238052909471,7.632675015552153,4.816807775303155,1.694694060063456,6.1727193537426714
10.810404975539548,9.791673550100004,13.312371786036099,8.692842841307137,15.438392926978166,15.8147458055625,17.20018636042693,16.75389663606479,8.63489526937333,42.5838520020808
20.240265846606796,29.946748993190965,29.300239458629402,30.290330935546983,23.44755660660369,34.11730133809599,39.07894231500149,31.977043225598962,33.61911750232219,92.22444676135741
54.709717170888986,60.241680028569974,69.6645173037177,54.908030959355514,49.622156003906845,77.18947971493823,86.44964878399003,65.11413256462461,66.81954937332635,237.00117223812188
2.6700680327921043,3.0726475167998006,5.581061859016749,1.8208898097072697,5.2386474594068755,3.5598237062704303,5.69561275536946,4.464228218833848,3.2570903452945505,12.412693457548643
7.099847978312491,7.624991020168134,8.172667451857226,6.22948530045906,11.026679794765615,6.091617131395167,12.304774056264455,11.475630573692994,5.8243188914028625,22.34501857407095
5.756474418331989,7.209641648864921,9.08995909599042,4.644510484731482,7.875459215253279,7.678338872927901,8.131128983029052,10.047111140225091,3.3701504937591924,36.31017166987289
0.8875127364274698,0.4044649841599319,2.1906998629252414,0.9132183908973442,2.6668060887257963,1.315671592312637,5.318678377880989,2.274972173721165,0.6278020003470657,1.7014538681803881
10.358667913593273,9.097998665149822,16.687694540878447,7.761480265437943,13.802543021782318,14.628625953991966,14.219899999007758,20.317076618332823,7.267734848330295,32.03879232892581
2.0975232918346354,1.391812140041757,4.333102480477822,1.7937371139492004,5.4609347652384335,3.2018571570043277,5.241594133035098,5.985001165959405,0.8530376087093703,6.716708850681223
1.8803849727187567,1.214347886161866,4.522181985691364,3.137374431529003,4.907580410149019,1.480258735028122,4.53725124069694,4.308288626016214,0.5829644214470101,3.8253199021788764
6.034485322336661,5.8601808566935345,10.166021803965405,2.996817738031649,8.200336997985344,7.0964804827723755,11.820080183898314,10.953729922836887,3.222577546675953,30.121976717586158
7.16036250546695,4.172709529968264,10.741302413885098,7.613912425471848,11.151468890560006,9.392411757698913,9.14270579450399,14.188808029637498,3.5968236095081036,23.428744009287406
2.543416602023448,1.4285391760908837,4.5682205083756084,1.2845429934262242,3.447489141985535,2.8217882156037093,3.4005932881661955,4.214682390983202,1.1633595859557968,1.9378810608055959
3.6437267182066653,4.683117383533566,11.496331462741649,9.852952984375852,13.358417594236231,7.0194394923257235,6.690584505508857,11.207962578197254,4.657951483814802,29.513094988202955
3.095268795932263,3.1016561399917446,6.271900617444959,2.249328688940296,7.499601289771536,2.8142760117319168,6.225875708334828,5.759621562462197,1.527549736758432,7.419814228712275
9.266918066822,11.422075646771596,19.89170258487112,8.238180163362445,14.749395678049058,12.662478407162435,16.504114511221278,25.82079538052288,9.704450175838542,81.43964511134949
2.532153521642386,1.7250131180965182,5.1070131854266245,1.2276938992910937,6.3287313391271525,4.315659472577187,5.5012805056403815,5.728011822831449,0.7336629229409733,12.20649887593883
0.9440136944643597,0.29085453441519826,1.9970775161602954,0.42948028939612937,2.6379476000449507,0.8969925950800741,5.711138452546989,2.1180732283296706,0.4300708545870289,1.2246616588202046
7.979293730667863,6.39577020646792,12.006918086564179,4.066553556345683,12.386718369881208,8.933377378629668,16.757597685673574,10.187560320983193,6.382682400820395,17.23301582109343
1.4113046941976202,1.361504361427522,5.606741180125439,0.7193513884908914,5.018512232360478,1.4781784097069144,5.2014769668526855,5.5095535238948115,0.6258350836545978,14.807120679905989
24.100058448770454,29.661543711210122,42.4518255846306,24.753554797159925,36.44953878835756,37.231538153905966,34.81565768075107,38.11414659573464,25.808315096076825,97.69064013471478
12.457189235929485,11.132915415058136,24.405919760770928,10.13971562079937,22.881523981739583,20.892698343894843,16.57448635894909,22.31323607915386,9.343079650572975,34.59716630080194
2.979226516325043,2.6074242404311336,5.810269496067724,2.263320808261199,6.2327065183645,3.6671220061613203,5.352730779899339,5.891868239806727,0.7042347708190677,11.12145155676654
4.402444414428353,4.284364453048703,5.087328739182013,4.4594273854768325,7.356002957402875,2.8787969500066626,6.661472832338996,9.257234306277955,1.2162246610515925,8.002874846267439
9.828294155867853,10.409958306873618,14.918395503618074,7.814718428710152,20.55013476014606,14.143119103656545,14.954150613922554,15.18493860654685,9.357657842959757,45.78184532332592
0.9791907722083242,0.8356287687800952,2.910751528077851,0.8435365665211978,2.862779350618825,0.8060696152129513,2.5738445031756054,2.488382665687644,0.4088634399908063,2.781335664663687
11.810923441474422,13.446439172961812,19.827010590028635,11.5119982983966,13.801644918866943,17.864037435495046,13.483077746816956,15.900642754297595,8.621511758945097,78.68886067930632
19.288478350220966,36.57382583275647,32.5298766409938,24.096148338398077,28.517453756663112,40.61142506384469,47.770603537033814,28.054971561120464,33.23546300924177,84.97513698305795
12.090642686585715,21.006320973175626,20.761603389611825,14.506364261168033,19.371555260372116,21.026713282290313,20.36015485154767,17.861557419059384,16.508710093543783,46.95849966681789
6.396306252444202,8.66740186178423,14.130658350457615,5.243948513272452,11.261609578385109,9.560833321253858,15.738040118325161,12.748386141910037,8.43095592621549,36.85178035019642
5.358075392466366,2.366381167303276,4.270412664758451,1.700587394761136,5.742084697798455,4.446014147625103,2.7387848116452105,4.332675907063259,1.5942586465887134,6.11942183292286
1.8429248708775914,1.3210635224884517,3.70251132366153,1.8534969357910256,5.904027764655356,3.0175542132599693,6.455570461127362,8.72438982157647,1.2402664446935927,9.414958801072348
3.287185549753733,2.4400864239430438,5.18295308848176,3.553240932622322,7.633574378076515,3.9680096665629483,7.056711398889964,9.272825681215982,1.750471208226854,9.58561814206334
1.2703922069767202,1.4910630754857674,3.6456223876712595,0.6983213032367944,3.537548608223584,1.7722918042312976,3.0915586931266823,4.474184677507865,0.6005310436491897,4.450062927760031
11.725712415202487,13.432851703683525,19.685537377967815,11.716601964615652,17.53547060637205,16.294568409372722,18.252633293890383,17.609850695424676,10.189689274283625,76.32798366075838
1.72101655357903,1.6710252377792048,4.568796518170565,1.4757134267878116,4.469445092956521,2.439233075774113,4.964290631633018,5.824104301766014,0.9905321261015675,10.222427232198118
1.9170197902676014,1.8352264653604555,5.229743613724742,1.663077798582411,6.100594514960586,3.827781081419996,4.376752033588695,5.435970618505473,0.9177231418946197,9.38887688631485
68.89118365813141,73.03338504481884,80.56583597666348,72.89050755504978,66.8944647128417,86.48683406603763,90.59491656738604,62.81934164092109,97.33824679319244,229.50886328419955
6.087332884488226,7.147388061435433,13.247258160930938,7.406273817117952,12.528066309543934,7.631419856759824,10.539096433669506,12.351396766322015,6.600392334823767,51.82950754319267
0.94713281225898,0.851476166672428,3.0501563092408515,0.5717881691719106,2.8974318185998236,0.8325393211763887,4.120465035796288,3.260140092191283,0.4695435268729036,4.240159518644036
2.4191351237565875,1.635344844278579,5.341137462142418,2.8804490563282537,6.103135765470664,3.3045966436296386,5.853597929934515,6.811077025796602,1.4701827654665054,32.611027813105025
3.5623176282859466,3.240458538066296,8.049729237931665,2.7579109823394163,7.075034038215348,5.7794913614477,10.604608355376953,8.946183952949823,2.0602441575664585,11.440771933737393
3.333381849088976,2.8958153015776844,5.321973387377081,1.9205974721022296,5.890234758560503,2.974128367597563,3.0459045342120215,8.607785993102038,1.2736817323359482,11.46933966953213
1.2585941017953468,0.7882875709961591,3.248096196343841,2.7027345490536354,4.854852630694414,2.98319552115249,4.782179834202271,7.109421817826176,0.9541641670587947,12.914147467749684
1.0335939582305251,0.3242850470685598,1.8136408706878053,0.5686807356710595,2.7953595965605347,0.42264648102748253,2.317101855582352,3.0880597551982163,0.4497939353497318,2.414476899439728
17.42505271591228,19.80686742378487,33.31971839382055,24.127630343831644,23.381152387593154,22.228781777657,25.5730391974014,28.47963694743313,13.939126046866306,129.97944991044892
1.722316162302275,1.7491559837960688,4.811797297841089,2.9706371855182163,6.305244270786167,4.348854131177026,5.797418058845627,5.693682711130043,3.039176811199687,17.232090073395064
2.0743251798330773,2.028707701324603,5.7854974758932185,1.6137406935752465,5.423031203788577,2.34922302488745,2.7250780866336703,4.205105990949518,0.765493482049706,3.8347933360733624
7.5514035134271955,11.520999827612034,14.58102706778992,7.220123202760556,15.969334002874328,12.286724122065957,16.888327717134217,15.059520543621304,7.866084045786747,63.391772476198376
11.187207092522117,14.056286621799721,16.860997926487748,12.22547636637763,16.378192544423563,23.392674176072546,21.19959500773438,18.375771096319813,12.357917702444517,22.557850977380262
1.3470603333253726,0.3484794811364816,3.4873508830577316,2.3251995056012285,3.9704757793495733,1.4227366569252136,3.6553684106319615,4.654178307581694,0.526541380506474,2.045331935759688
4.8190829151070576,3.944875119638335,9.72521031789352,5.281266227021588,10.077776654910933,10.11117878017829,15.235721891591048,13.108526772974617,3.453282341650298,16.800191877426244
1.8194158010167196,3.7000302273498265,4.805224753929901,2.9614734034093746,4.626425315108219,3.7979501494539765,4.078390985418845,5.985199446517137,1.640619210899662,18.927161780094156
4.278018638899202,3.26661294743673,6.371937386024983,1.7987882593457643,8.460589621915659,4.826269578249551,5.010454800338,6.321739212361743,2.8595284176174256,17.8417551035759
7.189602442022732,4.747396223243521,12.867440556549594,5.515770074142527,13.228147642528162,13.0878689070138,13.991981485500062,16.88804251677513,3.5925953928858454,28.825752562598527
0.7852188860460659,0.6468963275082306,3.0761618393361196,1.076906284905287,3.0965856660095747,0.6244603115665475,3.117765366144164,3.2121022103525716,0.5145033022706504,3.8241088417442137
17.878298409009957,27.46446782110696,33.920477042663116,18.71793905900743,25.373387402701226,21.47584710036845,28.47784399182948,27.497208947614986,22.069147471430657,51.452147746511166
16.612728746781094,22.726960994647484,28.546174795769723,17.208731409784722,28.628631227833413,28.989118128152782,28.922545967152274,20.42217096234386,21.755756243967618,88.36435661578783
5.291083541617901,5.765731503568557,7.496155429179652,3.2430468833552433,9.431960518951895,7.838436546958272,9.414822600875269,10.3255097390626,3.521854869425914,21.034405579735715
9.993859974025069,17.203215832182497,16.54619859979498,9.886982346354827,16.76745620002489,17.39603212146495,19.58331097630817,21.568887078864012,10.728509790431275,65.48378363452277
2.196197804206147,1.8315500091913968,4.460563811931015,2.084646792577466,4.72693425600191,2.72901983520844,5.008581096913335,6.0811322572731825,1.4327345260734332,24.91235292781236
1.6005881445505108,1.58324516107791,5.7420533797368245,2.1616463230048804,3.8755141570282143,2.7092203236997126,3.6327337026918767,3.1376115248873244,1.1220356307795478,13.273305309859118
14.174656261866664,17.839827455712687,29.60519947040215,20.687424834168503,21.74435039150941,21.150761188587538,17.692697675076495,24.20029062361361,14.397803657562237,74.28247345213414
0.5120256212807475,0.7154305311783687,3.068030133611915,0.39372828881440886,2.456591608560987,0.9268701846110818,3.404922117649752,5.17539917916482,0.29831773823162666,3.999683406346574
2.095572872723614,2.244209197579199,5.286967135177846,1.2044527062051922,5.402222453388997,4.50413620622515,6.145366332450174,5.400011566825084,1.5196086835782325,16.606032010587878
2.969902518591366,1.7117710325609112,7.067095683337899,1.339104544820418,6.337188043220891,4.276345160779854,8.786468813243685,6.5057438276632,1.885722033598036,8.793182816098069
1.2221598055057319,1.0558869937707378,3.8512791716705315,1.88795803094837,4.721675061018363,1.4016991474672167,6.6122049557529765,4.122905750749536,0.773302714459233,13.386759860902636
14.34535837262375,20.034738834312208,23.3342390865246,14.697183532171326,23.478295610055604,25.91135878742051,20.66558959309505,26.80287381079318,19.659918092407434,59.50286141953759
3.0529496198242403,2.5099400111693484,7.50803238116817,1.760471210663284,7.059564924089868,6.149370068375086,5.979941105659585,8.158506721844406,2.989927907802869,33.7456230245989
2.251565961385825,2.2680538330609417,5.806932953288008,1.7999933995469182,5.647924826211019,1.822211142990691,5.024657738547712,6.136290652009644,0.7553424133434646,8.067926852017406
9.191127871259804,7.968363980088982,13.480201359405477,6.488970356715901,11.889272637979133,10.420163991667781,11.651316855533329,16.269940488809077,7.016052430805691,45.79325676986892
4.891341526938803,4.405742552474629,8.374181196000384,4.8552936872833286,11.482003696068498,6.464936125863451,7.149078845347979,11.612261035749826,1.9913448971618222,26.914149320851013
5.736423982379211,1.8262399679543593,8.333620503742965,2.232361063291414,8.077645927834578,7.10924780671943,7.493398329806374,9.342528754572735,1.0234746475819645,17.38029965302257
0.4710070853369728,0.2996785495976519,1.5869677005337268,0.7176304205199145,2.406431245945907,1.1373542202615472,4.716387880914292,1.8240256595608875,0.4776009471235436,2.4199805752299803
1.2081327695446527,1.3182001072223324,3.402294627561636,1.183942582762187,3.1438748691407254,1.175708201335979,3.046581301741691,2.713737957555909,0.5405411180045294,3.4799351175737647
14.753516329262332,18.17121163696085,20.99956731473912,18.012958589499693,17.794918539322865,18.782439274352107,23.368901571928415,21.124059637512044,17.678715570504462,59.5439266501317
6.980924441681634,6.235686466913755,11.148755810640665,3.8266300990146984,12.044487136410753,13.67493247596981,8.12506776302556,14.475754536734728,2.704715167313204,17.260611641677134
11.127423694565296,13.72817709095951,19.045874767778443,11.901899874308093,18.998711029307845,16.24802806437644,17.6971154400418,17.939848113819323,16.581997472305726,32.17160724108223
6.717471464626334,4.5227985706664535,9.237423609400206,3.0171222750919013,8.48852456276777,8.826850284512851,7.33826345192057,10.979513445536188,2.561370021396678,13.590462919604203
10.869015316699109,10.008712975314431,18.5532407748029,9.226538739971696,17.588311334070855,13.705407260691766,21.4427742129612,19.651795697928748,8.498609320129761,45.277659663412614
1.415695942093209,0.6853832428424752,2.7806183495314287,0.8358111144545426,3.1820637381775385,1.285080460613223,4.049630758974475,3.5332223378789585,0.8948847715228023,4.083767367473072
5.487539045773748,5.677871279748056,9.079159858223939,5.269323265788001,9.200844680466817,6.4180580184229425,9.820349887262097,9.679278864782013,3.1258333710016157,16.83221800413267
7.297585012432888,12.635335338803326,21.350158420449826,8.3554592597862,17.426885856775264,12.259842018253396,13.234630847687866,17.32318063846672,6.1239207517232925,36.1826043947828
11.842311111576604,14.298290196266615,21.816140594936513,15.596105552031814,17.023598382089975,17.943219897192296,23.940162319225653,25.295884477433376,9.60459745394914,34.26836713064274
12.612386420729251,9.133459832212525,16.69407815357069,17.566488685547117,16.59534678748713,17.281390442328544,20.122851541253013,21.856151598411028,15.997313012634498,41.84343270474201
5.781270452521716,5.521349563959307,9.504111676307323,6.118143176748081,8.454615005758642,6.324638276800978,8.177357699034392,11.591154544522016,5.288933052017624,26.5151161981917
9.41595978322984,19.217776085813124,17.786876389604377,6.005716530326262,17.29213590602207,10.520432016747867,11.536051509676636,17.119767331273092,7.754489115839701,62.45372145547786
9.422855013935806,12.494800700625257,13.197581981297995,5.521132773450793,12.08481629442077,9.204420293893524,10.83757405523304,16.36261937229631,7.274420161698737,88.4554504877456
8.265289255473107,4.518956854964347,7.912204114702001,5.503220526272788,9.032276456450886,5.945509344999412,5.935493628283793,10.085914494187406,2.015102375305444,11.649408625745028
19.70449197322149,23.936729688787505,27.344334166577077,22.575402167268933,25.924777256568966,42.26982019853513,23.007609482111796,32.05626636961297,17.65415790644077,104.86250998627942
9.324660741588641,11.56913070738417,16.558088053425706,7.086581141597034,14.322807767617658,12.218584053655562,8.860886434312844,11.759367399897993,4.639728714324175,35.15374874123053
6.363074745635182,6.010517057215254,10.320805417021338,7.136413139444068,8.905736651661423,8.528775814250888,10.100640772436927,14.02315095100832,3.8686527680032596,30.207407511292637
6.225527741988694,3.492241614442778,7.641301342159917,8.56412227225663,8.158763257637128,9.097697597488004,8.816398272815398,7.756696929278863,3.7315536063069206,17.111277389565227
13.229440621100654,12.298187648453272,17.465896151287044,11.388698766085296,16.593136795273573,14.840156093620207,15.288706705712183,19.652918412891424,7.172547282589251,27.432744586570728
2.8663133759334607,3.9570120206209065,5.886351116897104,2.5256845774555683,6.637621250503189,3.893821223976266,4.506016808473576,6.338536400958547,1.227627855117777,12.826705772483095
1.1015512338511713,0.4918808749180978,3.419458975809838,0.7639682254724016,3.1284573499661934,1.3110768207820174,4.442607237934351,2.940785804456995,0.5516674654909065,2.656987485812868
12.987781241570909,10.830424595959077,19.91593157131916,7.100435205675324,17.27076864739086,18.104953051887552,11.713272081791711,21.33293452354017,7.5130216798054406,52.18700930894807
13.718349709511473,15.705790484169238,21.91610860401356,14.929721266878039,18.649581649907503,25.510321962181916,34.0979728543309,25.260042046355657,22.643222997302257,46.53587610448977
18.74404952696935,14.356544384626615,25.09693318621703,14.150398020410275,23.542565580807242,24.68364369149565,20.079872131378224,31.45478157142134,9.642810482988109,63.01097867689036
17.412165136088657,15.525665073572219,33.86930848236958,15.685006692493443,22.72359180968513,27.642150754285687,23.85276710811486,27.85223416190205,18.025536187867036,94.45533457752343
3.2694000782075197,2.121950345932354,8.413561834400907,4.416398768016928,6.991339590309083,3.3638865854195736,8.127539594897485,8.051326233034315,0.9189043399125588,13.546916457130871
1.4186574088178312,0.9828085550806082,3.347025310220352,1.4905126479257005,4.183241291096403,1.667000620962318,3.43034872753238,6.201316633613255,1.0658933552027425,6.22712149503532
2.8336946277396367,0.966885261139105,3.036593236451197,0.5023118225698893,3.586916845234466,2.675373250785961,5.307665135812009,3.359811872572253,0.5658855240110208,3.2149687728408263
15.780305029894361,11.371520569931034,18.729247279378527,19.441775253183344,20.175336162727007,23.65890234619185,19.563872563525916,24.794213836611792,23.687015059808683,55.659204982330046
2.277418654995744,1.3576260509433231,7.109676580741733,2.3828528081071054,5.097257538134411,3.0408383286049574,4.1001296095384605,4.426930524354193,1.0831232006428764,16.457540183000436
4.643100285615494,6.196700066519335,9.126076930099654,4.299326121464917,8.756169792070303,6.138858593210693,11.507879744314966,9.338054845511936,4.687149535728616,15.646107768839709
27.853052022173543,28.490248572035718,44.84987924782584,36.97084643378323,33.805624464532066,32.40435629503527,39.94899089843651,36.715645375105744,38.899734408328804,82.39936295643469
14.572696869930539,17.35695519889597,21.989608882562315,16.25763089473046,21.56819536370217,20.819467888919167,24.15337101855725,26.60471591951817,16.287222135287077,32.78585480729236
3.339057704356391,3.1998630352985593,6.422020041874082,2.7062122906307766,7.4105514598324085,5.14608942876062,5.887387937349919,10.559253232129112,1.3234701637739472,26.90789141691846
10.661699676996184,13.63943187559867,17.563113768884527,11.82958115993453,16.995816425474008,18.385323467736676,21.604468005609217,15.776618655354094,13.362365307741385,53.279157320987416
0.8616553223834406,0.9191709891385386,2.4732782046368067,0.509638480023564,3.7877309170456694,1.5378527332563112,2.4133962341529425,2.7791149313769945,1.034834559232022,3.599070993663197
3.6939146445249498,1.5149566280855893,4.064651939675068,5.159466013124382,5.055140789147741,2.9503157089271808,5.134710372182944,4.981100132637422,1.308299630379396,3.3016181740997954
4.27048693480245,4.223850081400103,8.850248084030895,3.6849265285154704,7.283033699482278,5.948385651076718,8.321351099503362,11.543688374266454,3.8690800869413824,49.49965278880897
1.5845528164129659,0.36358321427027035,3.1337460980954663,0.8881113563726243,2.9862762131390577,1.3298269170151849,2.3105584553526977,3.3927079056672564,0.3377881826237317,3.839473336966111
2.5353417547362187,1.873074704746497,5.4873473485286475,1.4607357199192197,5.060423347125132,5.247220310382627,8.196261770673386,7.127576818030119,3.4146365330029083,4.8828691564194955
20.328444901407885,19.24663824627111,39.87859043751946,20.531257835039384,23.62331072228835,30.84083831487687,20.702910129715324,24.677829177762135,13.18088820769505,131.0528638317301
4.8909970933897515,3.314569240680771,5.072686267397969,2.3592949118670856,6.156905627242517,4.920488164901321,7.559665901416338,6.115279332115509,2.3360102265983516,5.658531676463018
2.552414630154948,4.0670370615711775,5.968739145295959,1.3689858783642777,5.274807488385287,2.2978303858768423,4.051588496889998,7.541703511182445,0.7204937242182204,8.723314532748624
2.3321982379259962,2.381609517838805,4.365399863042636,1.0396491047275505,5.373098198049612,3.276543526777572,3.7121350196557343,6.201959352521109,1.2391221487961093,16.46767561851139
6.461881036939553,4.616262610358208,11.050151686150969,6.691778028863639,9.921698169896683,10.728771727521199,9.360948295890857,11.419435020407724,4.19848454416742,38.68520820769076
10.216125182920463,16.176911153685623,18.028570857970706,10.966713502177695,21.547002945324202,15.853951904076537,20.9222290600435,16.866208469417252,10.397329492471819,53.82791029127977
1.3414046891153912,2.269516298932862,4.756956815532632,0.9501602584361477,4.975089789585456,0.9754188865211706,4.839879047210394,3.9720547079875854,1.8493948042005977,6.733148551468848
0.7949612476226686,1.1839240108115554,3.7911030789510387,0.6072373905190038,3.0614698194309904,2.1941721582117353,4.487165321464277,2.6692483496977046,0.452986817493382,5.316222973058672
14.976035600373862,23.397716843257673,28.668993077649766,19.560038058453305,25.095517215855853,22.801494961121577,31.37470417356801,21.00740382098101,25.15564052598949,38.40717774135962
2.1807164055430652,3.095085496950044,5.640262214613525,4.14336465014804,5.555809157781596,2.8941283252650307,6.818381022405967,6.539695712365323,1.1793140150721,12.54462000871419
2.2765648096954765,1.755287301896876,3.6997903218422032,0.8173203892667746,3.9498095978554066,3.3048120814981634,3.6918242250666364,6.725038251260888,0.6549972627539329,4.57210639568965
1.0575165827404642,0.29321149454971557,1.3167663969187633,0.12810682239347965,2.574162356575502,0.5400847686456477,4.394482330858122,2.630705050273331,0.16650075029254743,3.6924937225800796
5.682038872022137,3.7775239377171568,7.349349050350112,4.528975207728726,8.832886095855876,5.976319167226799,8.93165192614302,8.256329010677826,4.788604519716411,9.524901115470927
3.454196377194761,3.9591537177198806,6.165383931233563,1.5955042795977201,5.57891317554364,3.15804443224907,7.17948927431309,6.363415817140251,2.6457143041823445,22.123788827872676
1.26128360186128,0.6956172949738729,3.947887073559271,1.912894442860541,4.7870986811495175,2.116918996518911,6.49294070133394,6.185917921331577,0.9208214859705183,5.539736932161651
10.97277696144372,10.992415805574568,18.89683201887816,11.145363209263081,16.8350842080587,12.715686836782996,13.454067585269181,21.59415562948449,8.71398311911915,76.35242197075888
1.1311986608411444,0.6847097158771356,2.4588476706888565,1.75771426010909,3.2272159879666065,1.6841443181334737,2.87502306094891,2.8646008097233135,0.5187507726490017,2.584736850172611
2.5437838132777495,2.41586200046292,8.78422264424522,4.970208134306141,6.177994411261519,4.811910454856461,6.482331094718046,9.017054624334694,1.8794103415222616,20.628522717308098
26.376376943198977,25.408867557035087,50.744030906123534,33.11877731254987,35.62916309496123,51.66191445509676,34.06117890240846,46.161470962941884,35.5319270840733,152.1921379022773
0.9966266784540521,1.2165335843748595,5.012788553354728,1.4879196699454476,3.5523979605289036,1.9973310877412278,2.6554704901138586,5.9903075814638305,1.3160694137717728,8.484258339372914
6.499431296890128,6.125108600027828,11.318553614185781,3.087233121661172,9.955489251578584,7.883139630235559,8.609339206947313,10.955793331870977,3.601683889699032,22.450958222302244
6.393604623392642,5.482020003817842,14.754656684781693,9.958504251071187,10.454165038152867,10.321386096493331,7.712218268124793,12.51305155882242,5.331466823682189,22.884207180207756
2.3626486792592423,2.4858187576458333,6.876247541270745,1.5212421428638894,6.423580161184915,3.6488991973901896,4.615618415000939,6.914889431140169,1.1723832023921965,5.12002954781208
7.274790428423598,4.421431159810318,8.370235515925412,5.278196442702965,10.938828374892289,6.530864566683197,9.567706854094324,9.948907762187261,3.8489533407815255,10.251075973016377
5.598171168982984,3.4627480708190115,13.096117158967662,3.8231724174364117,11.349833590193423,10.44914137600315,8.991210160625288,10.356450282729352,2.684654542073591,25.83661803559901
1.8437702427970626,0.5816422807078614,2.8923576405731075,0.7431857603543544,3.4433316408487906,1.2852041119162432,6.050057416022404,4.03397386299371,0.5559511777365382,4.684039934875496
14.429695165617755,17.79406487448655,24.152475552476556,19.720470438660364,21.532524737425803,24.944861863585377,17.467753930057683,22.878619539737123,11.595538846781707,85.09012089331728
2.336779186353949,0.48244922397824846,3.85071413838211,0.5294062913407068,4.106511621317612,2.1008458526760885,3.4358191069986215,2.743730106250547,0.737780986125748,4.918931297336336
6.447922208903096,9.584844554292165,14.067519422333437,5.527441987212311,13.785620366022325,9.378002669581338,11.81116397211306,14.78084234230162,5.821455322649576,40.58736543295342
2.416605901770654,0.33744080091363765,3.494560334964481,0.3513398204358156,4.310584361421315,0.9707819024280975,4.298588111261953,3.1406739336557057,1.0736875385479177,3.1294131169753427
8.19850818639765,10.566309953775017,13.73050372363091,4.686302601805595,14.562709693889303,7.799326454839619,15.57397873444362,16.091764218097826,6.278880796158301,60.61555818245711
14.793347013009953,12.007703314420043,36.787705636982324,12.93682811575468,25.20200858842912,33.77959617957592,23.426146873267875,28.74464645200503,10.22973280140431,92.83154747943846
11.629428384104589,5.875351123545009,12.153538033038695,5.609481885549372,11.95062840248889,15.222231429381473,10.510346644654126,17.38528748941628,5.97841813143019,34.76902237913159
3.7186911441744934,3.5002976310161524,5.4276532680431275,8.00061921193106,6.60023000812867,4.068800178037369,7.42344760498498,7.00768588187297,1.9229091126629387,10.45956545530208
1.950572673673824,0.5464903725315255,4.239446413692667,1.0161256183790142,3.1867865939312368,1.7405595888433072,3.477325732955414,2.7244304603075014,0.42460873267330235,3.20253592264443
1.6003491633219287,1.3269889671104722,7.426049392242318,1.6763198407508708,4.208835594788932,3.60980370089881,3.466562533031446,5.934677646266032,0.5258939683492172,10.308569603297572
2.035657456444188,2.736132273139146,4.79894050590398,1.304064240771014,4.910363710155308,3.1372867937225055,6.215151694805971,4.814218354538315,1.2141550177481584,4.00233271889756
7.220624758269945,8.854566102752154,22.717084745707062,7.298807494091967,14.528868169028327,10.327389345342727,20.82787956058214,14.236624222654147,6.471931573277356,33.927309173343836
34.342854977507784,26.150769286502,54.61017157340784,32.16033554424948,36.32746000675181,47.63562087938367,45.09614964154428,42.435729754117624,31.87301366298162,132.353344559669
7.45024977089458,7.373725378678879,10.517789924296162,7.411202281869511,13.237798448868517,10.072855414820184,10.880216648044794,13.535256336563528,5.273117668581814,27.486599533975028
1.5893810710297458,0.9041497220342362,3.5739728805993454,0.39982718220601826,4.852755768659867,2.2019108073388205,4.185485369409566,3.979247333852887,0.41179850088860903,2.665517496831101
2.857794518562846,1.3850072414239116,5.260713394738621,1.6268242431790598,6.539905699095251,5.811678773986569,7.14145184010699,7.401352693828777,1.1235405244601182,4.459435750005174
6.4348837897298345,9.958191249654323,14.342796978168272,6.456653469347695,12.36346527651773,16.61460281572661,8.84098274079474,16.768402667795694,6.23291007499087,71.81386858153178
1.9061958368470484,0.8403533274585604,1.8869279130430316,1.3423868225341393,3.9543696683354357,0.9942226437827821,2.8709974378438914,5.321546931622186,0.8573966737800499,4.465585849852371
14.180209688682961,13.863178035182795,30.338720479507955,17.570739268217913,24.815557802342934,26.162894602607253,22.236704048811923,29.009697936192314,11.07613182868975,111.88642984885996
23.84575636148486,26.092930606484636,32.881688618977186,30.463630745794237,28.56416288908237,30.863865604126936,33.33705284362109,33.52948615188088,27.707408845802835,107.45472577844663
14.032939872902949,15.762880321845763,23.707526319470492,13.131004580322722,15.735739529073726,17.497767211567773,17.18013158027932,20.786457894194633,11.58505968981938,33.77454656083825
1.7597452769334094,1.171771574811933,5.203621569908341,1.0430503004924312,4.430971807192942,1.1929142000059745,4.431249648235792,2.803896168942495,0.5597784156515904,6.5191889096035
6.4782106884066035,5.28895053078007,12.982644752200882,5.54077643540366,10.709672148845504,10.821854764193803,10.745272882575616,14.102175390711855,6.327363544781905,28.584198324215976
21.948384809927155,28.752586947767472,51.690423797883525,30.943273341636623,39.62041551658868,37.257688602833404,44.83269829382733,39.43875086592875,38.375931912190936,87.73717096567579
17.81031533524401,18.37416480617308,30.545816269280387,19.966630183925126,30.207625495335176,32.05483330900799,22.348961375015538,30.135776984485386,18.016478709549695,126.44825929498454
4.099901308554572,1.3578241534835116,5.635280484421466,2.680052518968404,5.8982598808801345,2.618136789493481,8.357445169922455,5.064092086885362,0.546274261571064,9.952606688456182
12.78537799214201,12.952673146388248,23.06764762934283,16.33369383452491,22.09722407563191,34.528820170884416,20.51966166153578,21.98665716723564,15.370063521986678,125.52170759597281
2.7984543180073107,3.481678243984206,5.588861302129792,2.019337385051487,5.746930716668883,4.195551607146722,4.559794420035893,6.086128533521638,2.0940524876388844,17.11895381505127
4.438626386215083,5.907816945844779,9.068778387703249,2.5737107336988747,7.118351199166788,5.941796127518387,7.404656684354385,10.36857671850605,3.5395689477626804,11.31581004133767
2.536450859679277,1.7651829461514548,4.19235602865424,4.049234010305881,5.15974654929406,3.7334491818847697,8.762072115065905,5.275911822132231,1.7437216176688797,9.644522213548901
2.8857949367969877,1.7381952185934029,7.7821890460963274,1.8851152699060223,5.867223484024958,2.786385517548197,5.117474990178024,7.490053953522285,1.0438007409103807,12.14221750178903
3.5882957926053978,3.7312075659892687,7.944479569984998,2.8420861428693978,5.841471306340847,4.171652816508605,8.74543745661531,7.047347348663617,2.3295137168736857,7.847274459620053
4.910297918541955,7.943506237354244,10.711776094401214,3.38383898907163,8.43380404624516,6.660493566836888,8.377250163456063,9.704938951060988,3.629389334628454,23.822368151936207
1.5570459503688434,0.8738307673218981,2.895889014746391,0.8727510778660096,4.366509497316955,2.7328558184489795,5.350668992956713,2.603957507253763,0.391588229002215,7.9143409504971505
1.5696891683965377,1.2491771640429692,4.246096603370221,0.8448717649087443,4.3526578916173815,2.114284623756923,3.3412674806646536,4.775529071710241,0.6919605367777083,4.137264798447917
2.764871280793072,2.152058108255579,3.9941416939526952,3.0889449153145434,5.446649287660577,3.35857114117377,4.155352603825433,5.62105964012841,1.3797754155450184,3.9242339865371623
7.102193315608427,8.387095443882645,14.258216995481371,6.509161606571094,11.45272759469313,7.258370005008004,12.60598543689832,15.860032252340213,9.702753400729303,60.340741683207135
1.5837465236331019,0.6979319147591038,4.090552690036912,1.1282842807107174,5.714239248333186,1.8824801459275655,3.69099635692985,6.827467211390902,0.6227425574933675,3.936073087143104
21.53194940764447,23.584121495966713,42.42686341664122,37.96348687088315,35.78139390397205,41.334733959737825,25.120502152013344,41.820801597787096,47.86363727171511,94.21095509480469
4.265624341404088,2.9040428449811895,8.389505313919633,5.199104003337531,7.360105943572048,4.586677679688045,5.604185355938502,9.522990318592356,1.7226797658218351,8.536146862957535
4.049331455868761,3.2373280631001227,5.662383062544134,5.259050975939663,8.067903055737315,4.901544797084631,6.934530631924223,8.021049468704716,1.6580788583581507,10.862103716733447
3.485200085469229,3.259624246164708,7.052289541393592,2.901996249984616,8.277032377922014,4.952162252033909,5.596747391010558,7.12749218757709,1.8554028760785533,10.98595542384269
30.65049019417999,54.53389517966535,55.999697709836056,39.394872107507624,47.233004510843514,53.63835626604559,62.11526124369806,49.58405189923191,44.47224202917126,196.52560605579754
6.911114335900568,6.401513633514566,10.909723563207246,4.4926944456930995,9.293606267763808,7.5073714787486745,7.250299849186929,12.530438144474116,4.899491248251375,71.49439155647586
9.25484599348535,9.764851545481612,18.20225140989786,11.436454296894206,18.324028103287212,21.57597923825897,14.015636696532853,23.84432288818983,6.238919731431318,63.201304282425454
1.509685263096568,0.6716000345660555,3.1526884188109117,0.7446014347845877,3.6118157716050665,1.1230363970759931,4.861906005091556,3.367821559876302,0.34829756672363715,3.430112255957128
12.909118198895637,10.07691048361794,18.99972455572557,10.8907985909039,15.786625765062709,18.325779036969067,13.322992775448785,18.004505467563895,9.468810815677697,34.64053292179731
2.492310864197216,1.5920183621818724,6.4921664646992205,4.069290517066516,5.98991847514168,2.6534574237532706,3.85084866357367,9.35166778679087,1.3018055353093727,10.700397505790107
1.3861831237776345,1.3919699306417241,3.992826986802238,0.5057587832068573,3.7142711851864196,2.200657855557448,4.5528515163248375,4.904004700372217,0.5758637694812403,5.2725711802898765
7.429391799540403,10.010581604617938,15.972143306133594,7.434421857871108,12.218780189710479,8.121583349642584,11.13086363492869,16.438175019041942,6.633316984145793,35.22517891664659
1.4903929913669496,1.352328347400257,5.061219239429615,2.5020797752621147,2.9012997619806002,2.6698972987897234,3.7624651953264685,4.331844142438278,0.6469117181282836,4.676898530969135
1.955902260239123,1.1180518937416004,4.978675627233035,1.2657631651867487,5.1365469799201575,2.3155099113775606,3.7409361858716874,5.625745822793676,0.7136959602880805,3.982760653773622
9.129914207632412,5.633702898062778,12.789123872267057,8.762094692998273,11.7368001428282,10.179533307278584,11.3761544572724,15.9612356948499,6.767865192660525,27.88071322779105
6.210005310158508,8.046131380346942,11.159386399450765,5.072496271060086,9.692700434444175,6.870732935596243,11.993789758279691,11.412317156131197,5.0339422540741525,15.37857413426306
18.603839233277743,13.188568935494438,22.630653381020213,16.42042068712404,17.395993213369096,18.048415831504958,18.76992781136825,22.50354954553668,12.619873778404108,28.55238846910569
10.531790881557958,11.160338274453824,18.616005105659415,15.675399451898615,17.363259179103693,17.40916680806489,14.59666558222578,23.750993914346704,12.108734017166718,33.856520631150794
10.102308907320557,12.711280601636364,17.143754178137293,18.80593216371041,18.326138402430253,18.11477749047396,17.43548736976198,20.52037295254936,10.447202666227659,85.1997723745213
3.841443159368972,3.353832103951629,8.522744341767211,6.060265025547349,8.81670309321747,7.550264102949985,9.802329801522935,11.377760171873817,1.627836786440322,13.963555697103477
0.2789004618446636,0.208468840880907,2.8494760689234355,3.284974475581738,2.757335015455472,0.5972008268810538,3.5378336246745294,2.8271449632316945,0.2361978256397507,2.19068252900447
5.016244410257043,6.9741672970989335,8.986536512555602,8.009457602530656,11.656975046052045,8.836706633755457,7.713198104932189,16.903300690754683,4.338523877285224,18.86968397774034
0.39232862585122585,0.5347681568133403,1.1420525547417115,0.1998390223429451,2.0128545796666386,0.24284298400745047,2.6086181260640706,1.505204224606173,0.21413863635064218,1.5378171141606658
3.1738280829219327,2.208512860808314,6.093398842367689,2.7294734394645612,8.296746243310066,4.97008227807489,7.042186925636522,7.793882738408152,0.9688877216050559,29.437490336459025
3.7894093706114496,4.483033928889245,8.970499212472106,2.370811905591243,9.802654508034882,5.407774578236699,8.345032867283347,10.292442598686163,2.8244254790906744,19.475936313485008
11.850411202047322,12.639793462395984,17.0610861540118,10.169551342753266,16.430622201563622,14.619573971014194,17.99538032997755,17.133453049854644,11.584983964481314,63.99824763717073
9.409385625892067,7.39422233480286,14.856822972429782,9.07286639292317,16.779376084086117,12.591236472263692,12.53466799161091,14.616075356699934,6.114108277844986,27.033974048656244
8.766010241058257,8.866235228784648,14.828487201182178,7.065598529505622,14.218591787565297,11.666604572049769,16.962702990697558,19.860735403885567,7.9257874201491125,55.92834857559254
1.0863621832638,0.5433529616801033,3.208481583997253,1.2232476267611374,3.1359842695845335,1.4572643720511258,5.226825655138197,3.531583811804986,0.3927233044685944,8.774366635859478
0.807640070629383,0.5589368965497826,5.758750587591201,2.0417962887260637,3.5314021399031046,2.414452984982235,4.431650587588769,4.3524564359177615,0.7474516475905901,21.19518720519264
3.609604028340941,4.064148579548239,8.733232475159141,2.29556407751684,8.147283536729303,4.867795432011587,6.570437669017953,8.868723907272551,2.002565080214089,17.47354562563353
2.4729731147906966,4.2731163420333305,9.225394452630297,2.0738059969037477,8.49205392073473,3.2728761192663463,5.453008512693639,10.949532330046084,2.4204932040072715,35.20459582823088
3.184386188402902,2.627155491504818,7.965620423008053,2.122311926978699,6.0653053464328845,1.8923949602033057,4.526176884479638,8.726992829581189,0.914681236271187,14.805905327556586
2.0989735589081873,0.8968574956554436,3.7457968037834792,1.8596623031067014,4.10829936943725,0.7880779348497611,6.8568536503006206,5.277334623745241,0.7963041615709928,7.614133297241975
6.728009900103666,9.479069134611091,8.638569289210572,5.916010302454855,10.44379375628594,8.059312580485356,7.951638089573386,10.190299284253246,2.919260258441538,14.315587909719994
1.988534048132362,1.8968046708071715,3.4988167085642323,1.2625994433283854,5.422185816853931,2.359351527016533,4.632599478939547,4.8754651417477195,1.452553646207229,4.352902031472244
1.5582761239533287,0.8854030081893736,3.333790723718408,0.8638169602496455,3.4303676571512067,1.7622234989905514,5.026448700458991,3.064192932860292,1.733442408797358,13.508673461696297
7.3476333347757175,2.8048742476521276,16.49133455460865,6.675486574028896,13.269103487153528,12.299233505316193,14.272436216675672,18.676550369557635,3.106118377418015,17.564902517642178
1.5872570716555205,0.43171412711872315,2.834811842838675,1.9073218442495012,3.1609508855299873,1.824439541354148,3.8406685925300215,6.188082968998526,0.7456669376687874,3.3800540996391275
1.7076025307491782,1.0526217465933028,3.521738380516725,1.8660392054744308,3.9935376975400785,2.028942939006968,4.27531636048117,4.087243924373854,0.6910438081591359,3.7090072561710223
4.422387763989203,3.393284295941153,10.599296913328365,2.67050933193992,9.986147152569817,9.48696075561347,6.051877927837024,6.28294977676597,2.100021318056427,36.994640899364654
7.805744702354485,6.025687352930645,12.215545425568504,6.733795554667549,10.255492660077515,10.754747257701586,7.925729577901868,13.411830536655712,4.2030622227820365,24.068411492104097
1.6746316542984947,1.1436094157811332,3.8412671098342934,1.18111945051554,3.1826876773270962,0.9486796389773862,3.6656473927992894,2.9948624793617062,0.5862719532612496,3.959257233358565
5.203351200334731,6.359250966339794,8.576127886685324,6.687363235082661,11.320673272468923,6.666538982666294,8.718126343854792,10.025943944507029,5.16583796708828,39.74349176218994
2.1148184879273386,1.5132314220369445,6.0466454928684685,2.0356661127163163,4.9785180991038835,1.4022407988055023,3.518104735451343,3.7969953275049355,0.4759819224533246,3.5997267779147966
1.6154507333166896,0.9342751587080993,4.110333882550341,1.4417738482612723,4.588290852049599,2.7355528783433156,3.6289948972952555,4.606611404929457,1.1395490983108525,7.011402598819006
2.418279404462073,1.9060184450701834,7.640810280065664,2.21385209691041,5.26934515741589,2.3397859981483573,6.0658320728457085,5.707880131192607,1.7227560327860734,15.741057724331704
2.2267796449573134,0.5933306826708581,3.699493262048969,1.5581374308406246,4.73971338162812,2.7210711308927067,2.73161996646258,3.888872292903802,0.5809924349631641,2.8659310502475908
11.928994835938044,17.27620176165058,29.929639331051217,13.698561414060505,22.680695269565437,17.016259457102738,21.536186867703634,24.308950830698812,10.116948328519692,64.80441562771794
4.06245165614878,4.80785833470819,8.49794378562982,2.010047505592287,7.700584356102211,4.89671428523975,7.247873710197998,8.242776984183008,2.6933086843894847,11.257322613475067
4.6269480707083375,2.9171044536015223,7.085965335626561,2.8147347567758936,9.202223838504173,3.8669649388564475,7.079229686943211,10.13153090018376,1.7472296448454305,15.495428404147694
1.6925545725033564,1.2126792680286922,3.9540189080198447,0.6408170398472275,4.190117128686926,3.149328613700092,5.516825916819515,3.814007101030715,0.7594166154078922,18.03648241012373
0.8399646844412202,0.23505658233006171,1.0771327700568645,0.17021196754368406,1.5460386544978422,0.365876185037969,4.270663163484033,2.285586007887954,0.11865205620277357,2.5044178661282412
6.981271523254458,10.656593321466485,14.578312644573558,11.94071760999605,17.682378630888397,10.330848658775768,9.438804164286854,19.28797105359054,6.965504822556283,33.45836448276937
14.898412757913816,11.665896228688936,30.29240353886978,25.378920956272406,22.04118038747198,24.20524136827832,19.691052158146253,21.751080940592026,33.025108116452465,97.06471422396976
0.5703801786407078,0.22064375537813224,1.3926809341006252,0.7319235417507246,3.0835802756229524,1.3127635666170923,3.4161720091679246,2.620804314457779,0.35364562158801677,2.8001899045589442
3.063444200632114,3.0760798920462067,5.676319463884466,8.06967713239383,5.460340835068531,3.6237869816787436,5.052793507348155,6.034332238439791,1.2405482055164965,16.450573009567094
12.815922649444435,17.971145254971336,21.96465777872871,11.036347695585825,20.79409524164544,16.794943315842627,26.4484313886862,22.80208210560176,18.587822713498056,55.53701697443896
2.7358807308188,2.94867133962732,5.506836961413053,3.6311146570223856,4.845444252709897,2.926800776511176,6.620909167391152,7.915202246145882,0.7257655324935387,7.322783191699587
1.8909975880428018,1.0027963835946117,4.250393544315944,2.0988828494296734,3.99808484228781,2.108965847741088,3.9498404341208726,5.502888943885418,0.6437497447949564,6.869857548099964
18.503094710242987,20.421730811934697,33.4782978142202,24.430871151958872,25.436680120453154,29.755197792000487,28.290223490592673,38.696214720542386,22.773245829631175,106.59463263276825
9.564700272852429,9.367428857245795,25.4003008250554,12.641776333944534,15.76496315524005,15.208141107249611,30.32692501997677,21.435306151946925,7.85370650722489,67.08051723022639
2.345096468798991,2.0050407039340246,4.131654885937871,1.044686262796122,4.010819706662633,2.5648188388912287,6.063833785146045,4.599453900516515,0.5827865517870666,9.745414433744742
1.4811172027651183,0.7903508334450632,4.3821960291842466,0.6687407670788047,4.468612979478037,2.171769641055714,6.373085722439371,3.175255582444698,0.9823453421766747,2.67854020055652
19.416704693041794,21.596033887376862,23.227581962351856,18.30221484797533,25.60553311628381,27.394509976404112,26.789022573157236,26.002556933288428,19.423508069459842,84.70174923408791
1.4388432631789247,1.2099459993942083,3.033640673153879,0.3464583647616561,2.731317360693268,1.5775714030090242,3.9454899165890867,3.833793780916724,0.41289378154802486,3.196983455432314
5.140776946854425,6.012906174404479,9.540973079121722,3.997169670234033,9.495873565634843,7.148631887770668,8.665675303604576,11.17294862808409,4.192443014211998,17.350574858411008
5.787082757221807,5.091703517096429,9.089404604666738,3.8629173942188197,7.693112102124943,7.070018038862469,6.349438136284332,9.504567533644227,2.8043751347708805,19.19325056147417
9.679814854217456,10.271156060558896,17.444607080105015,5.13421212581166,17.62464699565223,11.407343810771636,8.564429024875174,15.708919908387015,5.953765626945227,44.86021036530261
4.488451118266454,3.910591046694738,10.93130817300491,6.142079756849541,6.931672588929411,6.87913175214644,8.943986280046815,9.34723686914957,2.516348739361363,10.053698493549994
3.9668618407238685,4.128431937611867,9.2645967216839,3.4421160527023797,7.305601254586329,3.7710376988327474,7.441949855809505,6.834804459492896,1.6005757774053642,10.137447240489767
6.923893966694098,6.470246127511506,15.078052684734427,3.803330490421763,9.962836421393884,4.406162698571918,8.006587423176247,15.597114738590532,4.803733719315686,46.77267137941316
1.8728761112394436,1.921554206158775,3.543329158267524,1.3408399293040119,3.7025680561712653,1.273917397406331,2.820180161476946,3.702970584182849,0.7575711882917577,3.3212066663869106
18.6604744926779,24.66509466194658,25.039156430541055,13.988454516578152,24.027240914863174,21.272954725100526,22.985212755997757,21.019448889990052,19.826304133295974,70.72383687165222
5.8740241951444405,5.3620501044369036,8.859755677937715,4.999191259544857,12.240405045340149,8.336326534496973,8.498060285948549,13.007262752356137,3.616018171242378,19.5293361843576
2.351554177621094,1.7489164023542034,4.172414170050906,3.45736190842485,5.495921723716788,2.0422874110164875,3.97419533452521,5.152634923261374,1.301194380713633,6.930600894242632
1.6795684311738923,2.4587659774719053,4.4928909695658446,0.8337038529781692,3.655251628144627,1.3831996024453865,5.072646330129746,4.3723587288638575,0.6817810979997386,5.608043854986693
6.896233860913803,5.918987656261709,11.90213346938978,6.275976335142635,12.172934468108851,11.844589290548312,10.411696135494182,11.255601508573383,2.961560280883007,63.12791419377466
30.970632033274697,41.44006202029941,54.165609853244504,44.75802110911911,46.77809384297559,59.21973139474608,62.453959792046824,41.58552581524083,51.94024280947811,105.62382915552388
47.9047908941849,49.40243521740495,75.31649921971726,53.84381666514551,63.71362280994065,72.5635437379567,62.64935266862445,70.15643114166052,66.47776301898347,152.0905683225151
4.816263248386353,5.7978188320072785,9.618094828647424,6.1691560967348185,10.034846714853353,9.55922810309744,11.3540670292291,11.433552814721924,1.9276480775871603,17.460311675620616
2.9918412473124127,2.023160087634008,6.638137450054775,1.6897845893895143,5.949856557751576,3.3156392119198097,6.519096550852069,7.331240491059516,0.8377577905605106,6.342466238156231
4.697538480108799,2.6936185736785814,9.006035078548404,4.150569775953377,7.2375346036055985,6.2378560185789,7.684823926084781,8.279826109823109,3.247660962681301,8.560896439139816
6.661199749552664,6.408304191016547,15.73029306391182,3.2083069104585573,7.82799839870376,6.960533293151717,8.293200317074364,14.669474376808445,2.9861513895074476,69.89347313135406
3.3115221038727065,1.5932090314153915,6.239713102960506,1.9129152728605834,6.233540370426162,3.546025218191262,7.434478510556312,6.836452221939079,1.0694447124037425,8.029395247308125
3.7408043171170258,4.524130661129945,8.35705709416053,2.417081811547697,5.41732170747969,3.6191179650232295,3.4749008030775297,9.240238232316923,2.0491829287911743,18.84728891408358
21.105587254994298,19.845501461825584,34.28720433661503,22.041494020499883,25.353507362880787,31.339002830699208,26.052222601245713,31.8120422956677,29.521859340842486,61.475142807613224
3.4064977239003333,3.162381185747319,6.397224452392905,1.5323932880387514,5.97596885137461,3.834997453109142,6.148613455409377,5.842013047946475,2.1359465342510267,19.404206761794466
1.9088303998901175,2.449914858064825,3.47047100803002,1.0986721586939283,4.727457656374339,1.9305851978289699,5.9488183376195956,6.021601654852411,0.6932520681922341,8.016191688701822
1.5169004309275191,0.9442944489355193,4.210004376675177,1.518296236609935,4.762395402489521,1.286611102663869,3.765805455434861,5.113270563058427,1.525599460678081,6.699883349101312
1.3220988119570958,1.6160726377251848,5.279884568414099,1.0008979944679024,4.868622417529912,2.2108475342197007,4.440309385612917,5.331109198134186,0.7206236857573179,6.000655973366394
24.589211339854128,42.291226668396746,38.508975849410014,33.088634510184974,33.33758863890036,38.12425353729275,36.31620467490636,36.015732678599555,35.12331568153492,71.47357117175078
18.096857366710825,16.044933832711777,31.16605434088397,16.575107736717033,26.397099502899177,23.988400323924008,21.457353980684328,24.98859233518264,14.465847437391243,124.75408704574421
0.7821976856538073,0.3732367786360695,2.125956111553811,0.5648805681873234,3.322594611329806,1.5706833433332497,2.4690949779320337,4.15871585407699,0.31927269994900803,4.174236129259696
1.4299633751536185,0.8473520810010612,3.9020546735804347,0.47464256215730016,4.347012814268385,1.2575005756752116,4.082466813223312,4.787153504901061,0.6952034698373101,4.101501884649655
3.1428390202036254,5.370420935598195,8.817530077666218,2.980483997577048,5.885726354475943,5.312889563818586,6.670547566362003,9.37862590122161,2.869195170142597,45.24899688241982
8.864662559070512,13.195091160366044,13.077764118254425,8.139882241841427,16.35286256571552,20.845740307132356,18.307358107356215,16.31190361943358,8.385243418067798,37.483303835790835
15.15071089171132,21.88860765864449,29.356251910348487,17.30264294618363,20.89682670957779,22.00411249171056,25.003833447269468,25.44629332694216,19.911910711143474,66.39950533417502
4.60764447713631,4.590418241990496,9.555185637165025,3.1726753905890717,9.583115496196173,10.404449663280554,8.702905220587553,10.669454548431661,3.5915757455621478,18.958581579445877
1.1979020084552745,1.1342734036296773,5.406737861144959,2.099978935771412,5.546274832752846,2.239180293843254,4.420021628287874,5.0896918985879775,0.5491231776923309,9.523091365392554
1.9225863084838857,2.321914781101013,3.683056730820921,0.9635924606192109,4.169523001746522,2.194985703298341,3.007275247145376,3.579969229686963,0.6510025688027096,5.321621321030395
1.0355385674874937,0.529768078484655,2.164538241398451,0.20865257527172593,3.0630164420437698,0.7781664613655196,2.2317878241348916,3.629182203475143,0.5037100696793687,12.766002583519782
4.9190708478939715,3.4952120324274136,9.041057188990049,3.237727212888809,8.04230825026618,6.943604402378121,8.298810894281868,14.455982368629874,3.122796729396604,15.648854164133995
4.023235779038017,3.2359010288206336,9.277881834556931,5.037123092268063,10.010918955318662,6.804830781371338,8.604867915540268,8.899958004712731,1.646128418116695,13.544709918836569
9.608742975676316,12.335199827608914,14.506933705341432,9.090938859007165,16.201853086621544,13.505615554255835,21.316542301229,16.481670516431787,10.30961579045709,30.14447280417584
5.64689126982445,3.540453092866334,6.0982939242822445,5.243818338571736,9.0950792601735,5.119702869049233,9.380812469255623,9.63139016422949,2.0909744032474817,14.012454765846746
1.5541363662853085,1.3059151021185071,3.4408924033733825,1.0307561987827403,3.5678104280689884,1.8516989693135673,3.8705006536780995,3.296817563741512,0.4557896698736099,16.708524800428282
0.35234046446908984,0.3735850139598848,2.523497286793825,0.45649057777932434,2.4431959679873954,0.9841559590364318,1.6185516756884315,2.631953350071809,0.5745689486090418,2.0501595940609896
2.669870515412521,0.6351242070542952,2.488933976983254,0.7480983809792275,3.330888516877079,1.9867206097913575,4.572931790070228,2.8147792519695254,0.3658642321575077,2.871660654825458
11.447953934695565,13.127822256438645,20.30248162874849,13.397445975974119,17.5999734232957,18.189536465106563,20.924569165879337,18.72471451769935,13.581528411606103,43.63277483795202
4.39846675143416,5.110963294556044,9.003192234813541,8.063163602342005,6.672684377337712,4.969925693905969,5.538140574937809,6.1191275888014935,3.0414358158164303,12.289081972364555
12.555367719444055,11.416863360268433,16.873249335967863,11.289434842446324,16.668368761188532,15.437901574034866,17.068005740196075,20.930594073077835,12.487514459761611,45.75503430700132
2.313168585108655,0.7697107639541473,2.855079826154879,1.709081192264164,2.5135228540537846,2.593855839862352,4.0082004270445,3.2330534277458147,2.0746778236074923,2.72677192816815
8.60853769763318,11.73812220699817,15.717156844633461,9.14458413036059,14.67990172066673,9.24275301919305,13.781613461520127,17.84581517310656,5.267134362857387,46.19342199132105
3.0730348708938955,3.6570572416087908,7.848801563588231,5.966167176835828,8.081537164684333,7.725221381850082,9.256226460928177,10.397812098285883,2.395502455434126,34.20216457267327
8.497854260274439,9.836830697310647,15.75830125630373,7.589676830576286,14.964272976230331,16.017936660889745,13.046416897527308,21.482194934024548,10.437256014994176,14.161181186189104
1.1010079320825301,0.5320801300561184,2.4573817692843094,0.8599418129493658,2.436042474392081,2.3645106390568036,4.929256092663155,5.086609677959177,1.0403294974671644,15.195439787099055
7.4634660920540545,10.9339981447999,14.279217113392733,5.4552937222660765,12.518206333638176,5.887157077530488,16.358392460201188,14.377659671467665,5.882055130459524,40.27321259608402
5.902390301431517,5.357896931993952,10.394726136098564,4.594272865270022,9.258332906201666,5.08830675734008,8.127068464565493,10.595522368614812,2.9101817760085735,29.374589577158265
5.778086990619911,3.1125589274747205,9.441068092272522,2.5796963195607967,9.118610572592246,5.284541227547051,4.784787635406468,10.03223548201502,2.9131530964299945,17.48643755259615
3.260724142507221,4.551561476892714,8.865511256779781,2.2955497747420606,8.538906539688462,5.875320862469226,7.512831639623771,8.049356228757222,2.627023175348799,33.06245097708687
13.06025234079096,17.00209209748579,23.477475780058615,14.072784529512601,21.3236954536536,16.801906427937595,22.774123768237544,25.125755896515006,14.481516077327017,48.46385063452979
1.533948939676778,1.2602906309230903,4.62959076858309,0.7338573562486068,3.822268366892948,1.6420674392025554,3.463209674296983,4.950278004509887,0.6254698043285469,23.064409842117318
4.395701024689972,5.5823095937411855,5.233771930030062,2.5143885141019444,6.950942216557593,6.08379818518774,6.232543333863549,6.248004461674937,3.761250277273678,12.447302921671366
8.730664286503178,9.50782657861583,12.664139888879788,6.20710532233447,13.715905746527605,15.886396439947683,12.410271866597057,15.576556023330745,5.525720171636385,37.72711017768666
11.611295481880385,12.435405618258383,20.711963286292328,6.295190517847631,14.014910002071048,13.949387759762676,12.199342909640219,15.847251684172468,7.176287141933673,37.74568966114864
7.1852235519073435,7.755488348117759,10.11429940091707,3.710266297467052,13.004321647400673,8.516439062534817,11.351694521313934,12.228091270357567,5.8749755939262585,20.818214932115684
6.319909796078215,14.056349003547698,12.451455691834322,4.282154291497584,11.643601055443604,7.8312310219842765,8.950633221352431,14.05855634291108,4.382315016513765,34.75992686330206
13.346349259553458,16.127096196147793,22.406440314110792,10.620066615105312,22.49237910897855,19.454579800226657,32.316772289167105,25.07531171624244,13.142028227619168,62.13986540199043
2.034130347559586,2.2549045301127526,6.479650658876196,1.3586985168294385,4.7997858708261525,3.1712304795860966,3.8979783305090434,6.314790779819728,1.9538913942201048,7.834740123867943
11.791314601145803,13.743336009986907,14.479337699256263,13.230967607939144,17.33906425720035,16.646773983112617,16.15794091373499,15.814095098647057,12.462154481692767,28.913112782878184
3.349726979482458,3.6114038803742003,6.622872328858755,4.957816132716955,7.107575578741651,5.093633831661977,10.22086052382028,7.688565357160878,2.9299949874728974,10.11644499837741
25.957749770779145,23.910512027597175,35.973608131264626,26.407162353168353,30.268665796045337,33.45509960595464,36.26015933430157,45.015046881441464,36.144111154868774,56.59748963697793
9.758454957848025,8.55701931273127,12.855222816595086,6.545262126509379,12.52313382861028,11.523582831892497,8.609899169779016,17.202924394308656,4.885513522353656,44.073469432236614
1.7209146437506928,0.7345304330946423,4.001022617064759,2.21647761741995,6.276403203484246,2.251641250927577,3.0521199129815995,4.088425544293659,0.7431912768683447,3.3312045078583816
6.24351538139298,5.352428440158823,9.466834762823753,4.431678887134416,12.045750011334956,7.424471880321264,12.297714884911164,10.118703934583195,4.19209361328196,22.01690161752708
1.314522604540563,2.1507901741622133,4.026368493893702,0.9586542764356966,4.065821350850402,1.8962685126658314,3.0620058336211122,4.643821202188397,0.8621185074722297,13.296770735218212
1.9153859317730428,0.9840817917750943,3.607623276019527,1.321284536226023,4.37235244777604,2.40668344400972,3.158070716343406,3.807800619433371,0.8429795852658223,4.706648617322956
1.8637571320068018,2.9135385355481547,3.5506875052682902,1.75274443996235,5.076153774980927,2.871731903157303,6.590536726866843,4.783333049792356,1.186747181957071,6.452594738545555
7.672349817614952,5.528542868158718,11.495966227352456,5.562639025257942,8.877027648576368,12.4406522858643,10.710497872031146,14.180832093155297,2.609769256342358,16.596142698761213
37.16627029296276,55.501236231768985,79.51300760461699,56.85213952781748,55.46577244139861,69.41591627740267,63.88888162359875,59.66396663167778,68.74829968024174,128.7007954460108
9.739893892199827,12.77222732911805,16.68004161455082,9.112702299297002,17.837176263500552,20.194643044119122,31.56351799676935,16.84779419855178,17.056807675333573,36.61425303891124
10.270165507531619,15.13164823937781,29.180974670501225,5.405517016539088,17.572834306568737,12.319396082560498,14.592928779792782,21.808365958639026,6.514134400565331,43.80446183956397
1.309025422991873,0.7666043959919978,3.6585722497431035,0.5307845339032397,3.291406606186976,2.1269229178555435,3.7014293692900138,4.228266921659595,0.647085977305364,2.9972774955286994
8.857297298625138,7.685679714349595,13.520232609561335,8.14409940275869,15.798277360207894,17.180709695390966,12.962088680063232,15.438700959059254,6.188968286083249,23.23565345198033
2.6111720026181633,1.545609476767453,7.030207612307973,1.166654293692965,5.614675028464098,3.8531305500853956,4.317588193346604,5.815444117145936,1.6114290529831719,5.763479125412899
2.394792212284973,2.0187632349387874,5.932612509448403,4.007797016126257,4.47985370289095,5.119412755893381,5.974780830257495,6.486754950620797,0.8477207485693846,7.788337435878155
49.42963348076082,62.69625765846159,62.747532507637054,54.89071603451395,55.656637780078334,84.41174119096081,70.76449177435303,47.13023454982618,66.6819219177513,105.47267565519286
3.5528201520069733,1.5746614061940605,7.450698717711394,3.768226009483617,6.38611652323283,3.503823118153891,7.328287484297454,7.8949348906590275,1.3598834177049084,9.854707692391173
2.337270921508508,1.1214279711827007,5.769132216061662,1.4779959076617766,5.020808407775943,3.685784748753632,5.135408950917617,5.6420748154804,0.689791395383248,14.147739767014196
15.791411326614513,20.513939063060025,24.84344182186503,16.35837626617693,21.123411196560006,21.13716409191788,30.763155211848954,27.44770326544724,19.230537722470856,45.41570106609675
2.0512558615757905,1.365870415682195,4.2527469822820665,0.5707664201152238,4.676846475744285,2.937235551475694,3.683301081836405,6.805368528774691,0.8749061535734552,13.679013522207525
0.8088192239749639,0.59863425068187,2.9680127638034173,0.4655836837493131,2.813227132547566,0.9707084436371938,2.175961595990719,4.657380554668664,0.5029890214149172,1.939049574923727
1.0523991278590192,0.25438306281374023,1.8558806349822017,0.49523178315199723,3.3165176276718413,1.0474449854723877,3.068878127254442,1.8852840942053866,0.3332850835018304,2.666410632984769
19.968789474188437,19.339786188121476,33.176601863280474,13.915162378424874,27.707454710377068,28.403522280151247,29.705689255163147,25.964268383375448,22.132220892890484,63.26552093645425
2.1044272303022065,1.8607086180348233,4.167002142194028,1.3778253246829004,6.036996811180686,2.566270282993044,2.9948385454144892,4.704498183762918,1.27941703420511,7.637194156210647
16.20333435530136,11.3794607353385,23.552028403437596,19.761381767229462,18.161561150417285,19.492783526916572,16.614506290478147,22.180226692398616,16.68322118853453,39.943753242188244
2.1557785211625906,2.612469063788066,4.827146444755292,3.101283702739932,5.292056159619224,3.574964128486361,3.5188320866700824,5.706026027137019,1.3745599428695154,7.129779932324605
6.582990822740371,5.602984198703635,9.003761244096411,6.168406337985341,10.261709420973803,7.016689467321845,8.73688411591323,10.830724773018387,5.355395903347162,28.8512291467384
17.379342136850973,10.416160544011174,24.086788975552,29.73222314647316,18.95226535611352,23.321789507413282,19.484841585610237,26.859618075496044,19.22054841123861,54.5791939054712
1.7748819867561405,1.9189069580278533,5.871349119188609,3.956952953604303,4.449003470016072,2.9772352888787355,7.963394577107276,8.224606949009722,1.529135498369651,10.864685515350786
0.8305461014740626,0.6639182286575503,1.9940419910253162,0.75510862808435,3.00969217144192,1.2852987280195962,3.2231263894570383,2.371494264790865,0.5358806281065661,4.087428096601337
2.2251856144120814,0.7729134907092847,3.014771771078492,1.5924793274387925,3.7786859703840165,2.686119376351758,6.687214934631969,2.8080638233611115,0.735308946070494,3.5112752040387103
5.649601555966772,4.260496234621169,11.805529879114856,6.153470525682241,7.3273244531777815,4.820962586140271,7.469653900682206,10.11227861565305,2.1888173486589557,9.498049708889278
1.4048228599179262,1.4134035289337838,3.9276933035455275,0.9089146511628132,3.600343456842204,1.8118334503317979,4.009779950236491,5.1018426400666215,0.5068329081246451,7.507113439282055
2.5748026652030296,2.4054947003414737,9.89140030780406,1.7173632936695225,7.370002894770771,4.210723524225335,5.10856450268558,6.349437975974458,1.3839511671216866,29.99435986754512
3.4976390271444138,3.8066345434858633,5.768335361430214,1.859062162075877,6.123073441158058,2.979365805955767,4.913716313476558,6.710767976014771,2.6875896055264192,20.247618841676083
4.916917433207728,4.797427830712525,10.52577271849308,4.435050032199031,11.239399625251986,7.74416612400109,9.825381895022977,12.283116223001677,2.639568479693914,24.089212009858354
1.8444224923522783,2.708991712952974,4.193403784612243,1.5549814629558139,4.450552865882084,2.083925228077056,3.940358309698085,3.548831165267919,0.44906249690523886,6.058712979519709
15.587803161051339,13.124408033653944,23.385378388317775,12.539854084433792,19.242111337641475,24.694961771631743,14.975574015464732,22.005978813847427,7.710469379694529,74.52722592268351
1.9713428028621807,1.1569490181993773,4.720410065290034,1.0339122951873396,4.0931767157251855,2.6823180162282774,2.4298423015883146,3.705969419921158,0.7234970034039159,29.32239831473238
1.8645888338266672,1.3695873878977298,3.4520835464066444,1.2361595166697013,4.132548155440467,2.044543472751939,4.597558597449729,4.72404232002131,0.5036869095720188,3.7640098820739274
8.64517806035693,12.796350442861673,17.524289583337946,8.93926053266316,13.518406039439826,13.63787636309351,20.368586536966905,20.490489502632983,6.880483231139662,60.728468137420656
9.314621859227254,15.905654560248458,16.895604473789195,13.505494890443439,18.377073098947374,20.077289769728726,20.65166880407027,17.171641544420492,11.49583913755463,50.49366345895943
1.2873067785019368,1.2455561135107087,4.436835180320956,1.7208947205161471,4.270682107838467,1.9003008282559768,4.6864677973537185,4.64179998769025,0.9682591189303961,4.931562995377097
5.8505373011270425,4.196426091689102,12.23746854087517,7.246736202514106,11.249766703786365,9.46142683410094,8.763592420270772,13.03681870760812,5.384790448937561,20.470453580442662
1.4801056192852988,0.5105199381066018,4.136952877744812,1.1852812467079914,2.9490064529073843,1.6984162693878764,4.286543545523499,3.744018681356337,0.6957643053767721,4.230958286430971
0.5295621237462026,0.498280746545272,2.0537403762186597,0.47632582520702477,2.799779733723932,0.3479468699508817,2.2643585076275405,1.5668624247355314,1.4711220071126394,3.965848515982817
5.414447778774358,4.6192251847833115,10.19251296869849,4.230450670962257,11.225141514123425,10.401833435728001,9.676972448375217,11.929919729427864,2.9413441305925896,25.63944022343656
4.815765644718615,5.442788789570407,9.693026495529494,3.6536865044772076,8.789486342685526,4.0303374289600145,6.057556600373927,11.333837167712131,2.3907722689536595,18.77282705474333
2.0398927017367368,1.0947652978704447,3.515366100764587,0.6241430302095166,2.5221469128599936,1.7529532680600153,2.9344821410423685,4.465995499069222,0.7073416309616006,2.8624579212534456
7.461084137398844,10.310625410177432,18.90673030024006,12.558413977780619,13.81183282253745,15.810634196569776,14.33365304761506,15.195166178139415,5.760537165221405,55.766905741690444
14.93805206236957,14.717978887510322,28.482456917167752,9.02797230943903,22.985872511565052,12.33265261629051,17.668606880827387,24.30442846283142,9.264394206072064,57.682510869483345
1.9557511544219013,2.5936026758676345,5.6056751606195565,1.5859965955991628,4.099722636844317,1.2593316396700491,2.9536251433852745,6.120107208600186,0.9972035913643235,6.973902773926741
1.2252930310649304,0.6336680525707515,3.533734976016245,0.817181305904144,3.656210431353853,1.6037031965768265,3.6482960002226332,6.043675541439055,0.5054982070259284,19.61096644220868
8.328767853558697,8.903632382316303,13.8937589484375,6.872541361246497,13.393328673203435,14.435358589001698,17.003439198823973,14.736274861012316,9.78561413074626,30.84444316306553
28.818115470943233,45.4494103760605,39.97698523298082,35.73002360031713,41.895235640885595,52.65176221072645,56.91553277181283,33.51281571320066,40.880826812429305,112.03260817396794
7.019166377904582,7.429132570491267,12.030774307902576,6.105134685013778,11.083184032507775,9.472637195634354,9.770055448910359,15.016738830637761,4.703146476375684,17.964265070801957
2.2737494464699677,0.8477972897548699,5.620440202830619,1.0525146383446249,4.139688052961952,1.693537696893214,4.381838658795055,6.558174799971093,0.7682462112762057,2.540042781506186
2.9771165065798377,2.8971704966277367,7.985166513909292,2.725599921113824,6.836719443160806,9.75205681606787,7.9887791943431035,7.309036081090351,1.484260010785567,8.042793130946787
3.8595484399964453,3.6640935236149725,7.141697087007751,3.6183852247978074,7.240858956531527,3.4617919122169996,6.419121951108927,7.944719733650246,1.9846359389959667,10.82058578096242
2.059419563008345,2.079916815011589,4.355469608914185,1.486140317572944,5.3314488397316175,1.6473566082422912,4.251768050321534,5.2004546821070505,1.1205526823658793,6.170131881049583
12.778044185970478,13.366451579631557,22.754799147486455,18.312607927467,16.726642650977453,18.52940054259254,24.53784524183189,20.128120842622472,18.29864656761859,42.299367006296436
2.4420091310343373,0.9825473980467038,2.936768500068956,1.1856850361113167,4.7558597893326535,2.552165654695852,5.35764776165357,3.72159585288274,0.5953253861585024,3.3341938865402345
8.835466655677772,9.152187112689592,12.43345190385028,6.466854400376626,13.914049611507604,9.092412124758873,15.742582527760486,16.295348290465384,5.501325006382508,30.43490887288871
1.3207390147070894,1.3228948182425908,4.22519373533786,4.637506919323253,3.611676325428764,2.6724790849134736,4.26481811415795,3.6390918816115883,0.7950802183625035,6.751308057044822
1.8715926319826548,0.9267363869456907,4.106119217491889,2.1921243541067126,4.4932535582198545,2.4857777780235764,3.572969203222285,5.272398447965093,1.1218325465135874,8.561996425095156
22.184864608218998,29.774212295410138,36.23118062801792,23.77073859483989,29.679597267398762,40.73355448915171,39.85872444860161,30.684218475665663,25.77602861122015,107.13285088082615
11.926510633497932,10.774303153191656,23.94466156416536,11.104711978973027,19.178119616678398,17.769752050014453,21.377360904648445,26.797886488953086,15.52819776811169,59.859521257909
1.776025692569363,0.9745809625087828,3.9297754740228994,2.013675591104536,4.8500003768088735,2.245403390143167,5.8228599965474,3.8394700919778195,0.5391481751099477,7.488412811515103
2.113205608945599,1.2252892522682743,5.020834358660422,1.8558514230575953,4.553697507113533,2.3651783798822543,6.2454177576465995,6.948477418331753,0.9037542898743933,3.439998181629563
1.6271790330263594,0.7345341041094863,3.074896562114329,1.237854957391572,2.583595432980056,1.4341316807926767,4.690585305913207,5.975531739759612,0.7436897393843045,3.491056778391794
6.888980579683518,5.084954526546459,7.6874696656348345,4.101055961515704,8.323976002709417,7.074119023357001,8.067371421081686,10.540464892196994,4.439438370889289,12.675027053465275
64.91102728526965,70.83268164974075,88.99508858947218,65.44728751910243,77.78608988369886,70.64427465668233,107.902286744763,63.74677158730502,87.36531303340332,182.72723099283357
3.958755638086289,2.488999462724587,6.032211317500113,2.309823439717844,7.221088694079197,4.418760127675726,6.496654386631275,6.203848594143073,1.7049058663825623,6.823927865882346
1.2481471579549497,0.6779733582390454,3.8648078082694273,0.6132421581522994,3.2247597003664095,0.8894484351245285,3.492321531324097,3.423475376723584,0.47361968350923006,8.058042864743792
5.642649204069576,8.4410411946842,10.701912339001359,4.025578298552385,10.342194631517264,7.984256212350046,9.278437818031508,10.310984182446173,4.152341852226311,22.36217818996824
5.994229286768329,7.1095643661282955,11.610185690163867,6.124183038389414,11.573260460594932,7.190274917751332,10.507947435187795,15.311073852381593,5.9073033306777,76.48846520140565
2.5526530315222082,2.32571962429608,7.7233568393810526,2.6919380026297364,8.023005664363046,3.984234123346194,5.875917850263586,6.975228678681373,2.797431757801851,12.699216897284188
17.211276150734182,26.18502690649686,28.595485346808143,18.082548507823354,24.381358488623395,25.49139376988935,33.22860151260067,23.13127299347373,23.655547328496766,84.71789002834483
5.329438826209726,2.8744203355717715,8.838805170246005,3.8935473580477855,8.682753780168088,5.1168125004981455,6.604090218309937,9.308011994311808,1.697001645069403,8.950540414842026
1.7435743220387108,1.213419060471469,3.8090870578914773,1.4758367434409303,3.8495189769968174,2.103077355440244,3.922539380220076,4.569658571142233,0.651716484630792,2.904121461657989
2.1802840847329126,1.4094988978526843,4.677461453583347,3.4723835353115735,4.988889618322693,4.888307981267762,5.942369826015812,4.995732673723813,1.0655197471417281,11.454205599966045
7.654973995651383,9.071228074717634,15.270505638422492,10.869408191843355,14.491532303238369,12.667006328578097,14.177003763009237,21.672467979248033,4.826348815517715,39.37257654930471
9.807836344827471,18.986805281933762,18.050745796381822,18.11280133723827,17.448117183181484,17.16441327826951,25.159549564414636,17.73943131307035,14.63690732373187,98.30389595570814
2.490447125009987,2.9087623966512672,9.711943890722523,2.6775652478191887,5.85943853902041,3.9724955069684835,6.763283670984047,7.115978350466867,1.9609026470051336,15.644591921702505
2.885026258238055,2.4819573056486806,6.3810789180304175,2.605326225753464,7.048379599561989,5.037534999017268,3.1375837050640976,7.131728586612451,1.3014388535711796,13.560758540215955
2.3321644835808892,1.5543404140454369,4.330991294556739,2.443000084145054,6.832312032209564,3.5627868649570793,4.912719902062721,4.902523093092823,1.4336687853682824,4.676292871485021
8.712158565742428,8.59686762033905,14.065954870651847,5.567027382198623,12.801236755598005,10.766959821893812,16.16636097419682,16.358382451505857,4.629478189512881,26.08168578650178
2.561718266326927,1.3456601801794734,4.169967390638056,4.623008889827743,5.082742501878798,2.4279008415211134,5.220133297353747,5.918495418772029,0.7911497678699259,2.8768418527032873
6.005543116288926,4.613420436591271,13.732623671591515,4.286824898688417,9.80071494473844,8.982321744355476,8.903185688735618,15.123384206367112,3.2422247842615937,27.981255571798993
10.921006843164413,11.202526872714916,24.31281472814521,8.372135950059594,17.168548011203217,13.818254297560587,18.00713763639913,16.895893500207443,8.038679028735665,43.86134541242757
9.694814792638544,11.142038857401207,16.273688910007614,7.101835951782317,15.71934181419097,11.213541864098802,11.0848349998386,15.783328685497564,10.183526034724606,38.779060439039675
11.18479603715187,8.294536807937728,14.960764268342512,8.952957765447355,15.187520629266915,10.47503978703543,10.687208439145463,16.911295319381647,6.609661919247311,37.452035616351026
1.4585214523417644,0.5111199069799907,4.270202724539826,0.5984849442759035,3.7881956521028326,1.6844958465050401,4.9687530421528505,2.6047204944022115,0.6792483079288102,2.0432758480050075
16.402754095167243,15.756926412566067,24.34960863371231,21.93621013940144,25.476383468950722,24.034592687404626,20.607587398429402,24.653879724906627,15.737554026623231,84.43944917205788
4.783404167445487,3.3678853511915032,11.30381844537091,1.962611910125442,8.720646042631197,8.148998395313683,9.059448148437008,7.496400250835097,1.8313929626115089,35.53450827661673
9.946530772861145,10.767792737572275,15.4044552507871,8.24417931660438,16.197121017575267,14.034644748032733,21.492776925063072,19.179373183870155,9.87381750476029,32.61096337298607
4.653322179552713,3.933738457186796,8.318101136180696,5.524290090838424,8.643830192636273,5.241752123651474,7.277740945554069,6.673980105421691,3.074454963734224,24.09041561894996
